x_cm,y_cm,z_cm,potential_V,Ex_V_per_cm,Ey_V_per_cm,Ez_V_per_cm,Etrans_over_abs_Ez,delta_Ez_over_Ez0,status
-100,-10,0,4000,0,0,420,0,0,0
-100,-10,1,3580,0,0,420,0,0,0
-100,-10,2,3160,0,0,420,0,0,0
-100,-10,3,2740,0,0,420,0,0,0
-100,-10,4,2320,0,0,420,0,0,0
-100,-10,5,1900,0,0,420,0,0,0
-100,-10,6,1480,0,0,420,0,0,0
-100,-10,7,1060,0,0,420,0,0,0
-100,-10,8,640,0,0,420,0,0,0
-100,-10,9,220,0,0,420,0,0,0
-100,-10,10,-200,0,0,420,0,0,0
-100,0,0,4000,0,0,420,0,0,0
-100,0,1,3580,0,0,420,0,0,0
-100,0,2,3160,0,0,420,0,0,0
-100,0,3,2740,0,0,420,0,0,0
-100,0,4,2320,0,0,420,0,0,0
-100,0,5,1900,0,0,420,0,0,0
-100,0,6,1480,0,0,420,0,0,0
-100,0,7,1060,0,0,420,0,0,0
-100,0,8,640,0,0,420,0,0,0
-100,0,9,220,0,0,420,0,0,0
-100,0,10,-200,0,0,420,0,0,0
-100,10,0,4000,0,0,420,0,0,0
-100,10,1,3580,0,0,420,0,0,0
-100,10,2,3160,0,0,420,0,0,0
-100,10,3,2740,0,0,420,0,0,0
-100,10,4,2320,0,0,420,0,0,0
-100,10,5,1900,0,0,420,0,0,0
-100,10,6,1480,0,0,420,0,0,0
-100,10,7,1060,0,0,420,0,0,0
-100,10,8,640,0,0,420,0,0,0
-100,10,9,220,0,0,420,0,0,0
-100,10,10,-200,0,0,420,0,0,0
0,-10,0,4000,0,0,420,0,0,0
0,-10,1,3580,0,0,420,0,0,0
0,-10,2,3160,0,0,420,0,0,0
0,-10,3,2740,0,0,420,0,0,0
0,-10,4,2320,0,0,420,0,0,0
0,-10,5,1900,0,0,420,0,0,0
0,-10,6,1480,0,0,420,0,0,0
0,-10,7,1060,0,0,420,0,0,0
0,-10,8,640,0,0,420,0,0,0
0,-10,9,220,0,0,420,0,0,0
0,-10,10,-200,0,0,420,0,0,0
0,0,0,4000,0,0,420,0,0,0
0,0,1,3580,0,0,420,0,0,0
0,0,2,3160,0,0,420,0,0,0
0,0,3,2740,0,0,420,0,0,0
0,0,4,2320,0,0,420,0,0,0
0,0,5,1900,0,0,420,0,0,0
0,0,6,1480,0,0,420,0,0,0
0,0,7,1060,0,0,420,0,0,0
0,0,8,640,0,0,420,0,0,0
0,0,9,220,0,0,420,0,0,0
0,0,10,-200,0,0,420,0,0,0
0,10,0,4000,0,0,420,0,0,0
0,10,1,3580,0,0,420,0,0,0
0,10,2,3160,0,0,420,0,0,0
0,10,3,2740,0,0,420,0,0,0
0,10,4,2320,0,0,420,0,0,0
0,10,5,1900,0,0,420,0,0,0
0,10,6,1480,0,0,420,0,0,0
0,10,7,1060,0,0,420,0,0,0
0,10,8,640,0,0,420,0,0,0
0,10,9,220,0,0,420,0,0,0
0,10,10,-200,0,0,420,0,0,0
100,-10,0,4000,0,0,420,0,0,0
100,-10,1,3580,0,0,420,0,0,0
100,-10,2,3160,0,0,420,0,0,0
100,-10,3,2740,0,0,420,0,0,0
100,-10,4,2320,0,0,420,0,0,0
100,-10,5,1900,0,0,420,0,0,0
100,-10,6,1480,0,0,420,0,0,0
100,-10,7,1060,0,0,420,0,0,0
100,-10,8,640,0,0,420,0,0,0
100,-10,9,220,0,0,420,0,0,0
100,-10,10,-200,0,0,420,0,0,0
100,0,0,4000,0,0,420,0,0,0
100,0,1,3580,0,0,420,0,0,0
100,0,2,3160,0,0,420,0,0,0
100,0,3,2740,0,0,420,0,0,0
100,0,4,2320,0,0,420,0,0,0
100,0,5,1900,0,0,420,0,0,0
100,0,6,1480,0,0,420,0,0,0
100,0,7,1060,0,0,420,0,0,0
100,0,8,640,0,0,420,0,0,0
100,0,9,220,0,0,420,0,0,0
100,0,10,-200,0,0,420,0,0,0
100,10,0,4000,0,0,420,0,0,0
100,10,1,3580,0,0,420,0,0,0
100,10,2,3160,0,0,420,0,0,0
100,10,3,2740,0,0,420,0,0,0
100,10,4,2320,0,0,420,0,0,0
100,10,5,1900,0,0,420,0,0,0
100,10,6,1480,0,0,420,0,0,0
100,10,7,1060,0,0,420,0,0,0
100,10,8,640,0,0,420,0,0,0
100,10,9,220,0,0,420,0,0,0
100,10,10,-200,0,0,420,0,0,0
