x_mm,y_mm,z_mm,potential_V,Ex_V_per_cm,Ey_V_per_cm,Ez_V_per_cm,Etrans_over_abs_Ez,delta_Ez_over_Ez0,status
-100,-10,0,-200,0,0,-4200,0,-0,0
-100,-10,1,220,0,0,-4200,0,-0,0
-100,-10,2,640,0,0,-4200,0,-0,0
-100,-10,3,1060.0000000000002,0,0,-4200,0,-0,0
-100,-10,4,1480,0,0,-4200,0,-0,0
-100,-10,5,1900,0,0,-4200,0,-0,0
-100,-10,6,2320.0000000000005,0,0,-4200,0,-0,0
-100,-10,7,2740.0000000000005,0,0,-4200,0,-0,0
-100,-10,8,3160,0,0,-4200,0,-0,0
-100,-10,9,3580,0,0,-4200,0,-0,0
-100,-10,10,4000,0,0,-4200,0,-0,0
-100,0,0,-200,0,0,-4200,0,-0,0
-100,0,1,220,0,0,-4200,0,-0,0
-100,0,2,640,0,0,-4200,0,-0,0
-100,0,3,1060.0000000000002,0,0,-4200,0,-0,0
-100,0,4,1480,0,0,-4200,0,-0,0
-100,0,5,1900,0,0,-4200,0,-0,0
-100,0,6,2320.0000000000005,0,0,-4200,0,-0,0
-100,0,7,2740.0000000000005,0,0,-4200,0,-0,0
-100,0,8,3160,0,0,-4200,0,-0,0
-100,0,9,3580,0,0,-4200,0,-0,0
-100,0,10,4000,0,0,-4200,0,-0,0
-100,10,0,-200,0,0,-4200,0,-0,0
-100,10,1,220,0,0,-4200,0,-0,0
-100,10,2,640,0,0,-4200,0,-0,0
-100,10,3,1060.0000000000002,0,0,-4200,0,-0,0
-100,10,4,1480,0,0,-4200,0,-0,0
-100,10,5,1900,0,0,-4200,0,-0,0
-100,10,6,2320.0000000000005,0,0,-4200,0,-0,0
-100,10,7,2740.0000000000005,0,0,-4200,0,-0,0
-100,10,8,3160,0,0,-4200,0,-0,0
-100,10,9,3580,0,0,-4200,0,-0,0
-100,10,10,4000,0,0,-4200,0,-0,0
0,-10,0,-200,0,0,-4200,0,-0,0
0,-10,1,220,0,0,-4200,0,-0,0
0,-10,2,640,0,0,-4200,0,-0,0
0,-10,3,1060.0000000000002,0,0,-4200,0,-0,0
0,-10,4,1480,0,0,-4200,0,-0,0
0,-10,5,1900,0,0,-4200,0,-0,0
0,-10,6,2320.0000000000005,0,0,-4200,0,-0,0
0,-10,7,2740.0000000000005,0,0,-4200,0,-0,0
0,-10,8,3160,0,0,-4200,0,-0,0
0,-10,9,3580,0,0,-4200,0,-0,0
0,-10,10,4000,0,0,-4200,0,-0,0
0,0,0,-200,0,0,-4200,0,-0,0
0,0,1,220,0,0,-4200,0,-0,0
0,0,2,640,0,0,-4200,0,-0,0
0,0,3,1060.0000000000002,0,0,-4200,0,-0,0
0,0,4,1480,0,0,-4200,0,-0,0
0,0,5,1900,0,0,-4200,0,-0,0
0,0,6,2320.0000000000005,0,0,-4200,0,-0,0
0,0,7,2740.0000000000005,0,0,-4200,0,-0,0
0,0,8,3160,0,0,-4200,0,-0,0
0,0,9,3580,0,0,-4200,0,-0,0
0,0,10,4000,0,0,-4200,0,-0,0
0,10,0,-200,0,0,-4200,0,-0,0
0,10,1,220,0,0,-4200,0,-0,0
0,10,2,640,0,0,-4200,0,-0,0
0,10,3,1060.0000000000002,0,0,-4200,0,-0,0
0,10,4,1480,0,0,-4200,0,-0,0
0,10,5,1900,0,0,-4200,0,-0,0
0,10,6,2320.0000000000005,0,0,-4200,0,-0,0
0,10,7,2740.0000000000005,0,0,-4200,0,-0,0
0,10,8,3160,0,0,-4200,0,-0,0
0,10,9,3580,0,0,-4200,0,-0,0
0,10,10,4000,0,0,-4200,0,-0,0
100,-10,0,-200,0,0,-4200,0,-0,0
100,-10,1,220,0,0,-4200,0,-0,0
100,-10,2,640,0,0,-4200,0,-0,0
100,-10,3,1060.0000000000002,0,0,-4200,0,-0,0
100,-10,4,1480,0,0,-4200,0,-0,0
100,-10,5,1900,0,0,-4200,0,-0,0
100,-10,6,2320.0000000000005,0,0,-4200,0,-0,0
100,-10,7,2740.0000000000005,0,0,-4200,0,-0,0
100,-10,8,3160,0,0,-4200,0,-0,0
100,-10,9,3580,0,0,-4200,0,-0,0
100,-10,10,4000,0,0,-4200,0,-0,0
100,0,0,-200,0,0,-4200,0,-0,0
100,0,1,220,0,0,-4200,0,-0,0
100,0,2,640,0,0,-4200,0,-0,0
100,0,3,1060.0000000000002,0,0,-4200,0,-0,0
100,0,4,1480,0,0,-4200,0,-0,0
100,0,5,1900,0,0,-4200,0,-0,0
100,0,6,2320.0000000000005,0,0,-4200,0,-0,0
100,0,7,2740.0000000000005,0,0,-4200,0,-0,0
100,0,8,3160,0,0,-4200,0,-0,0
100,0,9,3580,0,0,-4200,0,-0,0
100,0,10,4000,0,0,-4200,0,-0,0
100,10,0,-200,0,0,-4200,0,-0,0
100,10,1,220,0,0,-4200,0,-0,0
100,10,2,640,0,0,-4200,0,-0,0
100,10,3,1060.0000000000002,0,0,-4200,0,-0,0
100,10,4,1480,0,0,-4200,0,-0,0
100,10,5,1900,0,0,-4200,0,-0,0
100,10,6,2320.0000000000005,0,0,-4200,0,-0,0
100,10,7,2740.0000000000005,0,0,-4200,0,-0,0
100,10,8,3160,0,0,-4200,0,-0,0
100,10,9,3580,0,0,-4200,0,-0,0
100,10,10,4000,0,0,-4200,0,-0,0
